Nov 29, 2024, 12:24, 5J9acjmxQ49Kf1qujjUyJA1pZsGxwEQrbEQPRgyqRZWmYviiegqNfowEyGeSoa9sfbW8dZGcSnH69ig6W2QZZmSE, Solana, Unknown, 2.32492245HNT0.000151118SOL, 15.07502USDT
Nov 29, 2024, 12:23, 4wLbSsvkbguXR7xL6dyhERkjvgPpLhCs6EwV1TMGLiEgpEJFziDhyGL5PPcswK8YmRhD9KuM2aTPCBT8MvuebMJ3, Solana, Unknown, 346,120.99555Bonk0.000235029SOL, 15.648612USDT
Nov 29, 2024, 12:23, 5hAyVhad5Gg2Hn1Q7Ta1FLjQDfnwAsFU8poQmxifvas3secMAYQadvV9acQQ2DCb9czZa73wxmJGihNa7ebGFmKi, SolanaSolana, Send, 0.081229382SOL0.000229382SOL, 19.727677USDT
Nov 29, 2024, 12:23, iZoHirowqHRGEzhpiZ2o5dnWPZPaCHkMTJvff4RZFiu3SjwtmXHt6Gt1ks1HHNAAkTBiAeK7S2tDEtZVLmEJbxB, SolanaSolana, Receive, --, 0.0000001SOL
Nov 29, 2024, 12:23, 4gMLFAiBeuExYQN6StogqyWgDvGsCNatLGjmAzJj7ZsyoD1xLg4dfTZqmNNQ1cJvUQ41MUyPxuuJZ6Ti7FcixPZZ, SolanaSolana, Receive, --, 0.0000001SOL
Nov 29, 2024, 12:23, 4Rqpe3rM6oFZX5UTXjauNhLatxgdJCDfDVoojknkPipP9be5d6UcFzQrdnFd9boGrVBEx3zgD4E49zF3U8NLLZXn, SolanaSolana, Receive, --, 0.0000001SOL
Nov 29, 2024, 12:23, 5SDmYtCnxQskgbtAZyXSPtG3aNPAjyXMgwPXcLwrd1WJr4z2XUa9kyFv3tUPR2JehdveTxEq2W3jRRAneDfUYKWh, Orca, SendUpdate Fees And RewardsCollect Fees, 0.000011SOL, 227,255.95694Bonk0.67300946HNT0.058079092SOL
Nov 28, 2024, 10:51, 5NQc54aKERanxdNNowAL5Nu6w6Pz7Y8bT3eM988CXpnGMeEoL8D3bfkEQLrsbNrGRQGPixaUUsiBNBpCjRJ6ywfc, Orca, SendIncrease Liquidity, 110.83634894HNT3.408007099SOL0.000016SOL, 1GGB6Cc7FuDCMnawCYVQSkS8BH3azDLqWNBPi1Ya2Z4fu
Nov 28, 2024, 10:50, 4T4caSmhrccJaBYcb1vhinrgrgXzWjxoSK7bpzrtDnSXzte6KCigUsuhXnuCqqunPhyJW1WdY9g6FpR1ReugecEu, Orca, SendSwap, 1.153169409SOL0.000011SOL, 40.91724291HNT
Nov 28, 2024, 10:40, 2h1je7Tr9jvUjcFVaNV3bb57cLen5r8X7gvfAYtDM33uf9sdzkv8HR4qy33QaUUyQ2VEoFJWsMKcKu36CGwCm1ip, Solana, Unknown, 11.40058154AVAX0.002248951SOL0.000209671SOL, 71.57101902HNT
Nov 28, 2024, 10:36, 26UvUD5H2htMJ5Dqqk8fVmLK7y8yUfA86EgP9VhjKkYuZAkYjJMS7p3iT6gWZphsAjCbSF9TomGJ19L2nJanKvjK, Orca, SendDecrease Liquidity, 16UdYn3vxn8dEsJ36s4STvQtMKhQNiU2F2iQCH7FBwWJB0.000011SOL, 11.24716025AVAX4.531987894SOL
Nov 28, 2024, 10:35, 646ExDeFk3avrRY6KGfcYS2CDL3cRxywaQdEhpgozqN4daowgDcfdKP9kyAZapZ1fQ8JNrTHwq7Dt4AeahXRAuek, SolanaSolana, Receive, --, 0.0000001SOL
